{"aaa": 10.111, "ddd": 11.447927713394165, "gggg": 8.097217798233032, "dobby": 12.054741144180298}